,price,area,bedrooms,bathrooms,stories,mainroad,guestroom,basement,hotwaterheating,airconditioning,parking,prefarea,furnishingstatus
0,13300000,7420.0,4.0,1.0,3.0,YES,NO,NO,NO,YES,2.0,YES,furnished
1,12250000,8960.0,3.0,4.0,4.0,YES,NO,NO,NO,YES,0.0,NO,furnished
2,12250000,9960.0,3.0,2.0,2.0,YES,NO,YES,NO,NO,2.0,YES,semi-furnished
3,12215000,7500.0,3.0,1.0,2.0,YES,NO,YES,NO,YES,3.0,YES,furnished
4,11410000,7420.0,3.0,1.0,2.0,YES,YES,YES,NO,YES,2.0,NO,semi-furnished
5,10850000,4640.0,3.0,1.0,2.0,YES,NO,YES,NO,YES,0.0,YES,semi-furnished
6,10150000,4640.0,4.0,1.0,4.0,YES,NO,NO,NO,YES,0.0,YES,semi-furnished
7,10150000,16200.0,5.0,3.0,2.0,YES,NO,NO,NO,NO,0.0,NO,semi-furnished
8,9870000,8100.0,3.0,1.0,2.0,YES,YES,YES,NO,NO,2.0,YES,furnished
9,9800000,5750.0,3.0,2.0,4.0,YES,NO,NO,NO,YES,1.0,NO,unfurnished
10,9800000,13200.0,3.0,1.0,2.0,YES,NO,NO,NO,NO,2.0,YES,semi-furnished
11,9681000,4640.0,3.0,1.0,2.0,YES,YES,NO,NO,NO,2.0,NO,semi-furnished
12,9310000,6550.0,4.0,1.0,2.0,YES,NO,NO,NO,YES,1.0,YES,semi-furnished
13,9240000,3500.0,4.0,1.0,2.0,YES,NO,NO,YES,NO,2.0,NO,furnished
14,9240000,7800.0,3.0,2.0,2.0,YES,NO,NO,NO,NO,0.0,YES,semi-furnished
15,9100000,4640.0,4.0,1.0,2.0,YES,NO,NO,NO,NO,2.0,NO,semi-furnished
16,9100000,4640.0,3.0,2.0,2.0,YES,NO,NO,NO,YES,0.0,YES,unfurnished
17,8960000,8500.0,3.0,2.0,4.0,YES,NO,NO,NO,NO,2.0,NO,furnished
18,8890000,4600.0,3.0,2.0,2.0,YES,YES,NO,NO,YES,0.0,NO,furnished
19,8855000,4640.0,3.0,2.0,2.0,YES,NO,NO,NO,YES,0.0,NO,semi-furnished
20,8750000,4320.0,3.0,1.0,2.0,YES,NO,YES,YES,NO,2.0,NO,semi-furnished
21,8680000,7155.0,3.0,1.0,2.0,YES,YES,YES,NO,NO,0.0,NO,unfurnished
22,8645000,8050.0,3.0,1.0,2.0,YES,NO,NO,NO,NO,1.0,NO,furnished
23,8645000,4560.0,3.0,1.0,2.0,YES,YES,YES,NO,YES,1.0,NO,furnished
24,8575000,8800.0,3.0,1.0,2.0,YES,NO,NO,NO,YES,0.0,NO,furnished
25,8540000,4640.0,4.0,1.0,2.0,YES,NO,NO,NO,YES,0.0,YES,furnished
26,8463000,6000.0,3.0,1.0,4.0,YES,NO,NO,NO,YES,0.0,NO,semi-furnished
27,8400000,8875.0,3.0,1.0,2.0,YES,NO,NO,NO,NO,0.0,NO,semi-furnished
28,8400000,7950.0,5.0,2.0,2.0,YES,NO,NO,YES,NO,0.0,NO,semi-furnished
29,8400000,4640.0,4.0,1.0,2.0,YES,NO,YES,NO,YES,1.0,YES,semi-furnished
30,8400000,7475.0,3.0,2.0,4.0,YES,NO,NO,NO,NO,2.0,NO,semi-furnished
31,8400000,7000.0,3.0,1.0,4.0,YES,NO,NO,NO,YES,2.0,NO,semi-furnished
32,8295000,4640.0,4.0,2.0,2.0,YES,NO,NO,NO,YES,1.0,YES,furnished
33,8190000,5960.0,3.0,3.0,2.0,YES,YES,NO,NO,NO,1.0,NO,semi-furnished
34,8120000,6840.0,3.0,1.0,2.0,YES,YES,NO,NO,YES,0.0,NO,furnished
35,8080940,7000.0,3.0,2.0,2.0,YES,NO,NO,NO,YES,0.0,NO,furnished
36,8043000,7482.0,3.0,1.0,3.0,YES,NO,NO,NO,NO,0.0,YES,furnished
37,7980000,9000.0,4.0,2.0,4.0,YES,NO,NO,NO,NO,2.0,NO,furnished
38,7962500,4640.0,3.0,1.0,4.0,YES,NO,NO,NO,YES,2.0,NO,semi-furnished
39,7910000,4640.0,4.0,1.0,2.0,YES,NO,NO,NO,YES,1.0,NO,semi-furnished
40,7875000,6550.0,3.0,1.0,2.0,YES,NO,YES,NO,YES,0.0,YES,furnished
41,7840000,6360.0,3.0,2.0,4.0,YES,NO,NO,NO,YES,0.0,NO,semi-furnished
42,7700000,6480.0,3.0,1.0,2.0,YES,NO,NO,NO,YES,2.0,NO,unfurnished
43,7700000,6000.0,3.0,1.0,2.0,YES,NO,NO,NO,NO,2.0,NO,semi-furnished
44,7560000,6000.0,4.0,1.0,4.0,YES,NO,NO,NO,YES,1.0,NO,furnished
45,7560000,6000.0,3.0,2.0,3.0,YES,NO,NO,NO,YES,0.0,NO,semi-furnished
46,7525000,6000.0,3.0,2.0,4.0,YES,NO,NO,NO,NO,1.0,NO,furnished
47,7490000,6600.0,3.0,1.0,4.0,YES,NO,NO,NO,YES,3.0,NO,furnished
48,7455000,4300.0,3.0,2.0,2.0,YES,NO,YES,NO,NO,0.0,NO,semi-furnished
49,7420000,4640.0,3.0,1.0,1.0,YES,NO,NO,NO,YES,0.0,NO,semi-furnished
50,7420000,4640.0,3.0,1.0,4.0,YES,NO,NO,NO,NO,0.0,NO,unfurnished
51,7420000,4640.0,3.0,1.0,4.0,YES,NO,NO,NO,NO,0.0,NO,semi-furnished
52,7350000,6000.0,4.0,2.0,2.0,YES,YES,NO,NO,YES,1.0,NO,furnished
53,7350000,4640.0,3.0,2.0,4.0,YES,NO,NO,NO,YES,2.0,NO,semi-furnished
54,7350000,6000.0,3.0,2.0,2.0,YES,YES,NO,NO,NO,1.0,NO,semi-furnished
55,7350000,6000.0,3.0,1.0,2.0,YES,NO,NO,NO,NO,1.0,NO,semi-furnished
56,7343000,4640.0,3.0,1.0,2.0,YES,NO,YES,NO,NO,0.0,YES,semi-furnished
57,7245000,9000.0,4.0,2.0,4.0,YES,YES,NO,NO,YES,0.0,YES,furnished
58,7210000,7680.0,4.0,2.0,2.0,YES,NO,NO,NO,NO,0.0,NO,semi-furnished
59,7210000,6000.0,3.0,2.0,4.0,YES,YES,NO,NO,NO,1.0,NO,semi-furnished
60,7140000,6000.0,3.0,2.0,2.0,YES,YES,NO,NO,NO,0.0,NO,semi-furnished
61,7070000,4640.0,2.0,1.0,2.0,YES,NO,NO,NO,YES,0.0,NO,semi-furnished
62,7070000,4640.0,4.0,2.0,2.0,YES,NO,NO,NO,NO,1.0,NO,furnished
63,7035000,4640.0,4.0,2.0,3.0,YES,NO,NO,NO,NO,2.0,YES,furnished
64,7000000,11175.0,3.0,1.0,2.0,YES,NO,YES,NO,YES,0.0,NO,furnished
65,6930000,4640.0,3.0,2.0,2.0,YES,NO,YES,NO,['y'],1.0,NO,furnished
66,6930000,4640.0,2.0,1.0,1.0,YES,NO,NO,YES,NO,1.0,NO,semi-furnished
67,6895000,4640.0,3.0,2.0,1.0,YES,NO,NO,NO,NO,0.0,NO,unfurnished
68,6860000,6000.0,3.0,1.0,1.0,YES,NO,NO,NO,YES,0.0,NO,furnished
69,6790000,4640.0,3.0,2.0,2.0,YES,NO,NO,NO,NO,2.0,NO,furnished
70,6790000,4640.0,3.0,2.0,2.0,YES,NO,NO,NO,YES,0.0,NO,semi-furnished
71,6755000,6000.0,4.0,2.0,4.0,YES,NO,NO,NO,NO,0.0,NO,unfurnished
72,6720000,5020.0,3.0,1.0,4.0,YES,NO,NO,NO,YES,0.0,YES,semi-furnished
73,6685000,6600.0,2.0,2.0,4.0,YES,NO,NO,NO,NO,0.0,YES,furnished
74,6650000,4040.0,3.0,1.0,2.0,YES,NO,YES,NO,NO,0.0,NO,furnished
75,6650000,4260.0,3.0,1.0,2.0,YES,NO,NO,NO,NO,0.0,NO,semi-furnished
76,6650000,6420.0,3.0,1.0,2.0,YES,NO,NO,NO,YES,0.0,YES,furnished
77,6650000,6500.0,3.0,1.0,2.0,YES,NO,NO,NO,YES,0.0,YES,furnished
78,6650000,5700.0,3.0,1.0,1.0,YES,NO,YES,NO,NO,0.0,YES,semi-furnished
79,6650000,4640.0,3.0,1.0,2.0,YES,YES,NO,NO,YES,0.0,NO,furnished
80,6629000,6000.0,3.0,1.0,2.0,YES,NO,NO,YES,NO,0.0,NO,semi-furnished
81,6615000,4000.0,3.0,2.0,2.0,YES,NO,NO,NO,YES,1.0,NO,semi-furnished
82,6615000,4640.0,3.0,1.0,1.0,YES,NO,YES,NO,YES,1.0,NO,furnished
83,6580000,6000.0,3.0,2.0,2.0,YES,NO,NO,NO,NO,0.0,NO,semi-furnished
84,6510000,4640.0,3.0,1.0,2.0,YES,NO,NO,YES,NO,0.0,NO,semi-furnished
85,6510000,8250.0,3.0,2.0,3.0,YES,NO,NO,NO,NO,0.0,NO,furnished
86,6510000,4640.0,3.0,1.0,3.0,YES,NO,NO,NO,NO,0.0,YES,semi-furnished
87,6475000,4640.0,3.0,1.0,1.0,YES,NO,YES,NO,NO,2.0,NO,semi-furnished
88,6475000,7410.0,3.0,1.0,1.0,YES,YES,YES,NO,NO,0.0,YES,unfurnished
89,6440000,8580.0,5.0,3.0,2.0,YES,NO,NO,NO,NO,0.0,NO,semi-furnished
90,6440000,5000.0,3.0,1.0,2.0,YES,NO,NO,NO,YES,0.0,NO,semi-furnished
91,6419000,6750.0,2.0,1.0,1.0,YES,YES,YES,NO,NO,2.0,NO,semi-furnished
92,6405000,4640.0,3.0,2.0,4.0,YES,YES,NO,NO,NO,0.0,NO,furnished
93,6300000,7200.0,3.0,2.0,1.0,YES,NO,NO,NO,YES,0.0,NO,semi-furnished
94,6300000,6000.0,3.0,2.0,4.0,YES,NO,NO,NO,NO,0.0,NO,semi-furnished
95,6300000,4100.0,3.0,1.0,3.0,YES,NO,NO,NO,NO,0.0,NO,semi-furnished
96,6300000,9000.0,3.0,1.0,1.0,YES,NO,YES,NO,NO,1.0,YES,furnished
97,6300000,6400.0,3.0,1.0,2.0,YES,NO,YES,NO,YES,1.0,NO,semi-furnished
98,6293000,6600.0,3.0,2.0,3.0,YES,NO,NO,NO,NO,0.0,NO,unfurnished
99,6265000,4640.0,4.0,1.0,3.0,YES,YES,NO,NO,NO,0.0,NO,unfurnished
100,6230000,6600.0,3.0,2.0,2.0,['y'],NO,NO,NO,YES,0.0,YES,semi-furnished
101,6230000,5500.0,3.0,1.0,2.0,YES,NO,NO,NO,NO,0.0,YES,unfurnished
102,6195000,4640.0,3.0,1.0,4.0,YES,YES,NO,NO,YES,0.0,NO,semi-furnished
103,6195000,6350.0,3.0,1.0,3.0,YES,YES,NO,NO,YES,0.0,NO,furnished
104,6195000,5500.0,3.0,1.0,1.0,YES,NO,NO,NO,NO,2.0,YES,semi-furnished
105,6160000,4640.0,3.0,1.0,4.0,YES,NO,NO,NO,NO,0.0,NO,unfurnished
106,6160000,5450.0,4.0,2.0,1.0,YES,NO,YES,NO,YES,0.0,YES,semi-furnished
107,6125000,6420.0,3.0,1.0,2.0,YES,NO,YES,NO,NO,0.0,YES,unfurnished
108,6107500,3240.0,3.0,1.0,3.0,YES,NO,NO,NO,NO,1.0,NO,semi-furnished
109,6090000,4640.0,4.0,2.0,2.0,YES,NO,NO,YES,NO,1.0,NO,semi-furnished
110,6090000,4640.0,3.0,1.0,2.0,YES,YES,YES,NO,NO,2.0,NO,semi-furnished
111,6090000,4640.0,3.0,1.0,3.0,YES,NO,NO,NO,YES,2.0,NO,unfurnished
112,6083000,4300.0,6.0,2.0,2.0,YES,NO,NO,NO,NO,0.0,NO,furnished
113,6083000,9620.0,3.0,1.0,1.0,YES,NO,YES,NO,NO,2.0,YES,furnished
114,6020000,6800.0,3.0,1.0,2.0,YES,NO,YES,NO,NO,2.0,NO,semi-furnished
115,6020000,8000.0,3.0,1.0,2.0,YES,NO,YES,NO,YES,2.0,YES,semi-furnished
116,6020000,6900.0,3.0,2.0,1.0,YES,YES,NO,NO,NO,0.0,NO,unfurnished
117,5950000,4640.0,3.0,1.0,2.0,YES,NO,NO,NO,NO,0.0,NO,furnished
118,5950000,6420.0,3.0,1.0,1.0,YES,NO,NO,NO,YES,0.0,NO,furnished
119,5950000,4640.0,3.0,1.0,2.0,YES,NO,NO,NO,NO,0.0,YES,semi-furnished
120,5950000,6540.0,3.0,1.0,1.0,YES,NO,NO,NO,NO,2.0,YES,furnished
121,5950000,7231.0,3.0,1.0,2.0,YES,NO,NO,NO,YES,0.0,YES,semi-furnished
122,5950000,6254.0,3.0,2.0,1.0,YES,NO,YES,NO,NO,0.0,YES,semi-furnished
123,5950000,4640.0,3.0,1.0,2.0,YES,NO,NO,NO,NO,0.0,NO,semi-furnished
124,5950000,6525.0,3.0,2.0,2.0,YES,NO,NO,NO,NO,1.0,NO,furnished
125,5943000,15600.0,3.0,1.0,1.0,YES,NO,NO,NO,YES,0.0,NO,semi-furnished
126,5880000,7160.0,3.0,1.0,1.0,YES,NO,NO,NO,NO,0.0,YES,unfurnished
127,5880000,6500.0,3.0,1.0,3.0,YES,NO,NO,NO,YES,0.0,NO,semi-furnished
128,5873000,5500.0,3.0,1.0,3.0,YES,NO,NO,NO,YES,1.0,NO,semi-furnished
129,5873000,11460.0,3.0,1.0,3.0,YES,NO,NO,NO,NO,2.0,NO,semi-furnished
130,5866000,4640.0,3.0,1.0,1.0,YES,YES,YES,NO,NO,0.0,NO,unfurnished
131,5810000,5828.0,4.0,1.0,4.0,YES,YES,NO,NO,NO,0.0,NO,semi-furnished
132,5810000,4640.0,3.0,1.0,3.0,YES,NO,NO,NO,YES,0.0,NO,semi-furnished
133,5810000,4640.0,3.0,1.0,3.0,YES,NO,NO,NO,YES,0.0,NO,unfurnished
134,5803000,4640.0,3.0,1.0,2.0,YES,NO,YES,NO,NO,2.0,NO,semi-furnished
135,5775000,6000.0,3.0,1.0,4.0,YES,NO,NO,NO,YES,0.0,NO,semi-furnished
136,5740000,5400.0,4.0,2.0,2.0,YES,NO,NO,NO,YES,2.0,NO,unfurnished
137,5740000,4640.0,3.0,1.0,2.0,YES,NO,NO,NO,NO,0.0,NO,semi-furnished
138,5740000,5000.0,3.0,1.0,3.0,YES,NO,NO,NO,YES,0.0,NO,semi-furnished
139,5740000,4640.0,3.0,1.0,2.0,YES,NO,YES,NO,YES,0.0,YES,furnished
140,5740000,4640.0,3.0,2.0,4.0,YES,NO,NO,NO,YES,0.0,NO,unfurnished
141,5652500,4640.0,4.0,2.0,2.0,YES,YES,NO,NO,NO,1.0,YES,semi-furnished
142,5600000,10500.0,4.0,2.0,2.0,YES,NO,NO,NO,NO,1.0,NO,semi-furnished
143,5600000,4640.0,5.0,2.0,3.0,NO,NO,YES,YES,NO,0.0,NO,unfurnished
144,5600000,4700.0,4.0,1.0,2.0,YES,NO,YES,NO,YES,0.0,NO,semi-furnished
145,5600000,5000.0,3.0,1.0,2.0,YES,NO,NO,NO,NO,0.0,NO,semi-furnished
146,5600000,10500.0,2.0,1.0,1.0,YES,NO,NO,NO,NO,1.0,NO,semi-furnished
147,5600000,4640.0,3.0,2.0,2.0,YES,NO,NO,NO,NO,0.0,NO,semi-furnished
148,5600000,6360.0,3.0,1.0,3.0,YES,NO,NO,NO,NO,0.0,YES,semi-furnished
149,5600000,4640.0,4.0,2.0,2.0,YES,NO,YES,NO,NO,0.0,YES,semi-furnished
150,5600000,5136.0,3.0,1.0,2.0,YES,NO,YES,NO,YES,0.0,YES,unfurnished
151,5565000,4400.0,4.0,1.0,2.0,YES,NO,NO,NO,YES,2.0,NO,semi-furnished
152,5565000,4640.0,3.0,1.0,2.0,YES,YES,YES,NO,YES,0.0,YES,semi-furnished
153,5530000,3300.0,3.0,1.0,2.0,YES,NO,YES,NO,NO,0.0,NO,semi-furnished
154,5530000,3650.0,3.0,2.0,2.0,YES,NO,NO,NO,NO,0.0,NO,semi-furnished
155,5530000,6100.0,3.0,2.0,2.0,YES,NO,YES,NO,NO,0.0,NO,furnished
156,5523000,6900.0,3.0,1.0,1.0,YES,YES,YES,NO,NO,0.0,NO,semi-furnished
157,5495000,4640.0,3.0,2.0,2.0,YES,YES,NO,NO,NO,1.0,NO,furnished
158,5495000,7980.0,3.0,1.0,1.0,YES,NO,NO,NO,NO,2.0,NO,semi-furnished
159,5460000,4640.0,3.0,2.0,1.0,YES,YES,YES,NO,YES,0.0,NO,semi-furnished
160,5460000,4640.0,4.0,1.0,2.0,YES,YES,NO,NO,YES,0.0,NO,semi-furnished
161,5460000,6100.0,3.0,1.0,3.0,YES,YES,NO,NO,YES,0.0,NO,semi-furnished
162,5460000,6600.0,3.0,2.0,2.0,YES,YES,NO,NO,NO,0.0,NO,semi-furnished
163,5425000,4640.0,3.0,1.0,1.0,YES,YES,YES,NO,NO,0.0,YES,semi-furnished
164,5390000,6710.0,3.0,2.0,2.0,YES,YES,YES,NO,NO,1.0,NO,furnished
165,5383000,4640.0,3.0,2.0,2.0,YES,YES,NO,YES,NO,0.0,NO,unfurnished
166,5320000,7800.0,3.0,1.0,1.0,YES,NO,NO,NO,YES,2.0,YES,unfurnished
167,5285000,4600.0,2.0,2.0,1.0,YES,NO,NO,NO,YES,2.0,NO,semi-furnished
168,5250000,4640.0,4.0,1.0,2.0,YES,NO,YES,NO,YES,0.0,NO,furnished
169,5250000,6540.0,3.0,1.0,2.0,NO,NO,NO,NO,NO,0.0,NO,semi-furnished
170,5250000,5500.0,3.0,2.0,1.0,YES,NO,NO,NO,NO,0.0,NO,semi-furnished
171,5250000,4640.0,3.0,1.0,2.0,YES,NO,NO,NO,NO,0.0,NO,semi-furnished
172,5250000,8400.0,3.0,1.0,2.0,YES,YES,YES,NO,NO,2.0,NO,semi-furnished
173,5250000,4640.0,4.0,2.0,2.0,YES,NO,NO,NO,NO,0.0,YES,unfurnished
174,5250000,3800.0,3.0,1.0,2.0,YES,NO,NO,NO,NO,0.0,YES,unfurnished
175,5250000,9800.0,4.0,2.0,2.0,YES,YES,NO,NO,NO,2.0,NO,semi-furnished
176,5250000,8520.0,3.0,1.0,1.0,YES,NO,NO,NO,YES,0.0,NO,furnished
177,5243000,4640.0,3.0,1.0,1.0,YES,NO,YES,NO,NO,0.0,YES,semi-furnished
178,5229000,7085.0,3.0,1.0,2.0,YES,YES,NO,NO,NO,0.0,NO,semi-furnished
179,5215000,4640.0,3.0,2.0,2.0,YES,NO,NO,NO,NO,2.0,NO,semi-furnished
180,5215000,4640.0,4.0,1.0,2.0,NO,NO,NO,NO,NO,0.0,NO,semi-furnished
181,5215000,7200.0,3.0,1.0,2.0,YES,YES,YES,NO,NO,1.0,YES,furnished
182,5145000,3410.0,3.0,1.0,2.0,NO,NO,NO,NO,YES,0.0,NO,semi-furnished
183,5145000,7980.0,3.0,1.0,2.0,YES,NO,NO,NO,NO,1.0,NO,semi-furnished
184,5110000,3000.0,3.0,2.0,2.0,YES,YES,NO,NO,NO,0.0,NO,furnished
185,5110000,3000.0,3.0,1.0,2.0,YES,NO,NO,NO,NO,0.0,NO,semi-furnished
186,5110000,11410.0,2.0,1.0,2.0,YES,NO,NO,NO,NO,0.0,NO,semi-furnished
187,5110000,6100.0,3.0,1.0,1.0,YES,NO,YES,NO,YES,0.0,YES,semi-furnished
188,5075000,5720.0,2.0,1.0,2.0,YES,NO,NO,NO,YES,0.0,NO,unfurnished
189,5040000,4640.0,3.0,1.0,1.0,NO,NO,NO,NO,NO,0.0,NO,semi-furnished
190,5040000,7600.0,3.0,1.0,2.0,YES,NO,NO,NO,YES,2.0,NO,furnished
191,5040000,4640.0,3.0,1.0,2.0,YES,YES,NO,NO,NO,0.0,NO,semi-furnished
192,5040000,6600.0,3.0,1.0,1.0,YES,YES,NO,NO,NO,0.0,NO,furnished
193,5033000,4800.0,2.0,1.0,1.0,YES,NO,YES,NO,NO,0.0,NO,semi-furnished
194,5005000,4640.0,3.0,1.0,2.0,YES,YES,NO,NO,NO,0.0,NO,semi-furnished
195,4970000,4410.0,4.0,3.0,2.0,YES,NO,NO,NO,NO,2.0,NO,semi-furnished
196,4970000,7686.0,3.0,1.0,1.0,YES,YES,NO,YES,NO,0.0,NO,semi-furnished
197,4956000,4640.0,3.0,2.0,2.0,YES,NO,YES,NO,YES,0.0,NO,semi-furnished
198,4935000,5948.0,3.0,1.0,2.0,YES,NO,NO,NO,YES,0.0,NO,semi-furnished
199,4907000,4200.0,3.0,1.0,2.0,YES,NO,NO,NO,NO,1.0,NO,semi-furnished
200,4900000,4640.0,3.0,1.0,2.0,YES,NO,NO,NO,YES,0.0,NO,semi-furnished
201,4900000,4640.0,3.0,1.0,2.0,NO,YES,YES,NO,YES,0.0,NO,semi-furnished
202,4900000,4120.0,2.0,1.0,1.0,YES,NO,YES,NO,NO,1.0,NO,semi-furnished
203,4900000,4640.0,3.0,1.0,2.0,YES,NO,NO,NO,NO,0.0,NO,semi-furnished
204,4900000,4640.0,3.0,1.0,2.0,YES,NO,YES,NO,NO,0.0,NO,semi-furnished
205,4900000,4640.0,3.0,1.0,1.0,YES,NO,NO,NO,YES,2.0,NO,semi-furnished
206,4900000,4640.0,2.0,1.0,1.0,YES,NO,YES,NO,YES,0.0,NO,semi-furnished
207,4900000,4640.0,3.0,1.0,2.0,YES,NO,NO,NO,NO,0.0,NO,semi-furnished
208,4900000,2970.0,3.0,1.0,3.0,YES,NO,NO,NO,NO,0.0,NO,semi-furnished
209,4900000,6720.0,3.0,1.0,2.0,YES,NO,NO,NO,NO,0.0,NO,unfurnished
210,4900000,4640.0,3.0,1.0,2.0,YES,YES,YES,NO,NO,2.0,NO,semi-furnished
211,4900000,12900.0,3.0,1.0,1.0,YES,NO,NO,NO,NO,0.0,NO,furnished
212,4893000,3420.0,3.0,2.0,2.0,YES,NO,NO,NO,YES,0.0,NO,semi-furnished
213,4893000,4995.0,3.0,1.0,1.0,YES,NO,YES,NO,NO,0.0,NO,semi-furnished
214,4865000,4640.0,2.0,1.0,1.0,YES,NO,YES,NO,NO,0.0,NO,unfurnished
215,4830000,4160.0,3.0,1.0,3.0,YES,NO,NO,NO,NO,0.0,NO,unfurnished
216,4830000,6040.0,3.0,1.0,1.0,YES,NO,NO,NO,NO,2.0,YES,semi-furnished
217,4830000,6862.0,3.0,1.0,2.0,YES,NO,NO,NO,YES,0.0,YES,furnished
218,4830000,4815.0,2.0,1.0,2.0,YES,NO,NO,NO,YES,0.0,YES,semi-furnished
219,4795000,4640.0,3.0,1.0,2.0,YES,NO,YES,NO,NO,0.0,NO,semi-furnished
220,4795000,8100.0,3.0,1.0,4.0,YES,NO,NO,NO,YES,0.0,NO,semi-furnished
221,4767000,4640.0,3.0,2.0,2.0,YES,NO,NO,NO,NO,0.0,NO,semi-furnished
222,4760000,9166.0,2.0,1.0,1.0,YES,NO,NO,NO,YES,2.0,NO,semi-furnished
223,4760000,6321.0,3.0,1.0,2.0,YES,NO,YES,NO,YES,0.0,NO,furnished
224,4760000,10240.0,3.0,1.0,1.0,YES,NO,NO,NO,YES,0.0,YES,unfurnished
225,4753000,4640.0,2.0,1.0,2.0,YES,NO,NO,NO,YES,0.0,NO,semi-furnished
226,4690000,4640.0,3.0,1.0,4.0,YES,NO,NO,NO,YES,0.0,NO,semi-furnished
227,4690000,4640.0,3.0,1.0,1.0,YES,NO,YES,NO,YES,0.0,NO,semi-furnished
228,4690000,4640.0,3.0,1.0,2.0,YES,NO,NO,NO,NO,0.0,NO,semi-furnished
229,4690000,9667.0,3.0,1.0,2.0,YES,NO,YES,NO,NO,1.0,NO,semi-furnished
230,4690000,5400.0,2.0,1.0,2.0,YES,NO,NO,NO,NO,0.0,YES,semi-furnished
231,4690000,4320.0,3.0,1.0,2.0,YES,NO,NO,NO,NO,0.0,YES,semi-furnished
232,4655000,3745.0,3.0,1.0,2.0,YES,NO,NO,NO,NO,0.0,NO,furnished
233,4620000,4160.0,3.0,1.0,1.0,YES,NO,YES,NO,YES,0.0,NO,semi-furnished
234,4620000,3880.0,3.0,2.0,2.0,YES,NO,YES,NO,NO,0.0,NO,semi-furnished
235,4620000,4640.0,3.0,1.0,2.0,YES,YES,NO,NO,YES,0.0,NO,semi-furnished
236,4620000,2870.0,2.0,1.0,2.0,YES,YES,NO,NO,NO,0.0,NO,semi-furnished
237,4620000,4640.0,3.0,1.0,2.0,YES,NO,YES,NO,NO,0.0,NO,semi-furnished
238,4613000,4510.0,4.0,2.0,2.0,YES,NO,YES,NO,NO,0.0,NO,semi-furnished
239,4585000,4000.0,3.0,1.0,2.0,YES,NO,NO,NO,NO,1.0,NO,furnished
240,4585000,4640.0,3.0,1.0,2.0,YES,NO,NO,NO,NO,1.0,NO,semi-furnished
241,4550000,3760.0,3.0,1.0,1.0,YES,NO,NO,NO,NO,0.0,NO,semi-furnished
242,4550000,4640.0,3.0,1.0,2.0,YES,NO,NO,NO,YES,0.0,NO,furnished
243,4550000,2550.0,3.0,1.0,2.0,YES,NO,YES,NO,NO,0.0,NO,semi-furnished
244,4550000,5320.0,3.0,1.0,2.0,YES,YES,YES,NO,NO,0.0,NO,semi-furnished
245,4550000,4640.0,3.0,1.0,2.0,YES,NO,NO,NO,NO,0.0,YES,unfurnished
246,4550000,4640.0,3.0,1.0,2.0,YES,NO,NO,NO,NO,0.0,YES,semi-furnished
247,4550000,4640.0,4.0,1.0,2.0,['y'],NO,NO,NO,NO,3.0,NO,semi-furnished
248,4543000,4100.0,2.0,1.0,2.0,YES,NO,YES,NO,NO,0.0,NO,semi-furnished
249,4543000,4990.0,4.0,2.0,2.0,YES,YES,NO,NO,NO,0.0,NO,furnished
250,4515000,3510.0,3.0,1.0,3.0,YES,NO,NO,NO,NO,0.0,NO,semi-furnished
251,4515000,3450.0,3.0,1.0,2.0,YES,NO,YES,NO,NO,1.0,NO,semi-furnished
252,4515000,9860.0,3.0,1.0,2.0,YES,NO,NO,NO,NO,0.0,NO,semi-furnished
253,4515000,3520.0,3.0,1.0,2.0,YES,NO,NO,NO,NO,0.0,YES,furnished
254,4480000,4510.0,4.0,1.0,2.0,YES,NO,NO,NO,YES,2.0,NO,semi-furnished
255,4480000,5885.0,2.0,1.0,1.0,YES,NO,NO,NO,YES,0.0,NO,semi-furnished
256,4480000,4000.0,3.0,1.0,2.0,YES,NO,NO,NO,NO,2.0,NO,furnished
257,4480000,4640.0,3.0,1.0,2.0,YES,NO,NO,NO,NO,0.0,NO,semi-furnished
258,4480000,4040.0,3.0,1.0,2.0,YES,NO,NO,NO,NO,0.0,NO,semi-furnished
259,4473000,6360.0,2.0,1.0,1.0,YES,NO,YES,NO,NO,0.0,NO,furnished
260,4473000,3162.0,3.0,1.0,2.0,YES,NO,NO,NO,NO,0.0,NO,furnished
261,4473000,4640.0,3.0,1.0,2.0,YES,NO,NO,NO,NO,0.0,NO,semi-furnished
262,4445000,4640.0,2.0,1.0,1.0,YES,YES,YES,NO,NO,0.0,NO,semi-furnished
263,4410000,3968.0,3.0,1.0,2.0,NO,NO,NO,NO,NO,0.0,NO,semi-furnished
264,4410000,4640.0,2.0,1.0,2.0,YES,NO,YES,NO,NO,0.0,NO,semi-furnished
265,4403000,2880.0,3.0,1.0,2.0,YES,NO,NO,NO,NO,0.0,YES,semi-furnished
266,4403000,4880.0,3.0,1.0,1.0,YES,NO,NO,NO,NO,2.0,YES,unfurnished
267,4403000,4640.0,3.0,1.0,2.0,YES,NO,NO,NO,NO,1.0,NO,semi-furnished
268,4382000,4640.0,4.0,1.0,2.0,YES,NO,NO,NO,YES,0.0,NO,semi-furnished
269,4375000,3900.0,3.0,1.0,2.0,YES,NO,NO,NO,NO,0.0,NO,unfurnished
270,4340000,4500.0,3.0,1.0,3.0,YES,NO,NO,YES,NO,1.0,NO,semi-furnished
271,4340000,4640.0,3.0,1.0,2.0,YES,NO,YES,NO,NO,0.0,NO,semi-furnished
272,4340000,4075.0,3.0,1.0,2.0,YES,NO,YES,NO,NO,2.0,NO,semi-furnished
273,4340000,3500.0,4.0,1.0,2.0,YES,NO,NO,NO,NO,0.0,NO,furnished
274,4340000,6450.0,3.0,1.0,2.0,YES,NO,NO,NO,NO,0.0,NO,semi-furnished
275,4319000,4640.0,3.0,1.0,2.0,YES,NO,YES,NO,NO,0.0,NO,furnished
276,4305000,4640.0,2.0,1.0,2.0,YES,NO,NO,NO,NO,1.0,NO,semi-furnished
277,4305000,10360.0,3.0,1.0,2.0,YES,NO,NO,NO,NO,1.0,NO,semi-furnished
278,4277000,3400.0,3.0,1.0,2.0,YES,NO,YES,NO,NO,0.0,NO,semi-furnished
279,4270000,6360.0,3.0,1.0,2.0,YES,NO,NO,NO,NO,0.0,NO,furnished
280,4270000,6360.0,2.0,1.0,2.0,YES,NO,NO,NO,NO,0.0,NO,unfurnished
281,4270000,4640.0,2.0,1.0,2.0,YES,NO,NO,NO,NO,2.0,NO,furnished
282,4270000,4640.0,3.0,1.0,2.0,NO,YES,YES,NO,YES,0.0,NO,unfurnished
283,4270000,4640.0,3.0,1.0,2.0,YES,NO,NO,NO,NO,0.0,NO,semi-furnished
284,4270000,4640.0,2.0,1.0,1.0,YES,NO,NO,NO,NO,1.0,NO,semi-furnished
285,4235000,4640.0,3.0,1.0,2.0,YES,YES,NO,NO,NO,0.0,NO,semi-furnished
286,4235000,2787.0,3.0,1.0,2.0,YES,NO,NO,NO,NO,0.0,YES,furnished
287,4200000,5500.0,3.0,1.0,2.0,YES,NO,NO,NO,YES,0.0,NO,unfurnished
288,4200000,5040.0,3.0,1.0,2.0,YES,NO,NO,NO,NO,0.0,NO,unfurnished
289,4200000,5850.0,2.0,1.0,1.0,YES,YES,YES,NO,NO,2.0,NO,semi-furnished
290,4200000,4640.0,4.0,3.0,2.0,YES,NO,NO,NO,NO,0.0,NO,semi-furnished
291,4200000,4640.0,3.0,1.0,2.0,YES,NO,YES,NO,YES,0.0,NO,unfurnished
292,4200000,2747.0,3.0,2.0,2.0,NO,NO,NO,NO,NO,0.0,NO,semi-furnished
293,4200000,4410.0,2.0,1.0,2.0,NO,NO,NO,NO,NO,1.0,NO,unfurnished
294,4200000,4640.0,4.0,1.0,2.0,NO,NO,NO,NO,NO,0.0,NO,semi-furnished
295,4200000,4640.0,3.0,1.0,2.0,NO,NO,NO,NO,NO,0.0,NO,semi-furnished
296,4200000,4600.0,3.0,2.0,2.0,YES,NO,NO,NO,NO,0.0,NO,semi-furnished
297,4200000,4640.0,3.0,2.0,2.0,YES,NO,YES,NO,NO,0.0,NO,semi-furnished
298,4200000,4640.0,3.0,1.0,1.0,YES,NO,NO,YES,NO,2.0,NO,semi-furnished
299,4200000,4640.0,3.0,1.0,1.0,YES,NO,NO,NO,NO,3.0,NO,furnished
300,4200000,4079.0,3.0,1.0,3.0,YES,NO,NO,NO,NO,0.0,NO,semi-furnished
301,4200000,4640.0,3.0,1.0,2.0,YES,NO,NO,NO,NO,0.0,NO,semi-furnished
302,4200000,2145.0,3.0,1.0,3.0,YES,NO,NO,NO,NO,1.0,NO,unfurnished
303,4200000,4500.0,3.0,1.0,1.0,YES,NO,YES,NO,NO,0.0,NO,furnished
304,4193000,8250.0,3.0,1.0,1.0,YES,NO,YES,NO,NO,3.0,NO,semi-furnished
305,4193000,3450.0,3.0,1.0,2.0,YES,NO,NO,NO,NO,1.0,NO,semi-furnished
306,4165000,4640.0,3.0,1.0,2.0,YES,NO,NO,NO,NO,1.0,NO,semi-furnished
307,4165000,4640.0,3.0,1.0,2.0,YES,NO,NO,NO,NO,2.0,NO,semi-furnished
308,4165000,4046.0,3.0,1.0,2.0,YES,NO,NO,NO,NO,1.0,NO,semi-furnished
309,4130000,4632.0,4.0,1.0,2.0,YES,NO,NO,NO,NO,0.0,NO,semi-furnished
310,4130000,5985.0,3.0,1.0,1.0,YES,NO,YES,NO,NO,0.0,NO,semi-furnished
311,4123000,4640.0,2.0,1.0,2.0,YES,NO,NO,NO,NO,1.0,NO,semi-furnished
312,4098500,4640.0,3.0,1.0,2.0,YES,NO,YES,NO,YES,0.0,YES,semi-furnished
313,4095000,3680.0,3.0,1.0,2.0,YES,NO,NO,NO,NO,0.0,NO,semi-furnished
314,4095000,4640.0,2.0,1.0,2.0,YES,NO,NO,NO,NO,1.0,NO,semi-furnished
315,4095000,5600.0,3.0,1.0,1.0,YES,NO,NO,NO,YES,0.0,NO,semi-furnished
316,4060000,5900.0,4.0,1.0,2.0,NO,NO,YES,NO,NO,0.0,NO,unfurnished
317,4060000,4992.0,3.0,1.0,2.0,YES,NO,NO,NO,NO,2.0,NO,unfurnished
318,4060000,4640.0,3.0,1.0,2.0,YES,NO,NO,NO,NO,0.0,NO,semi-furnished
319,4060000,3000.0,4.0,1.0,2.0,YES,NO,YES,NO,YES,2.0,NO,semi-furnished
320,4060000,4640.0,3.0,1.0,2.0,YES,NO,NO,NO,NO,2.0,NO,furnished
321,4025000,4640.0,3.0,2.0,2.0,YES,NO,NO,YES,NO,2.0,NO,semi-furnished
322,4025000,4640.0,3.0,1.0,1.0,YES,NO,YES,NO,YES,0.0,NO,semi-furnished
323,4025000,5400.0,3.0,1.0,1.0,YES,NO,NO,NO,NO,0.0,NO,semi-furnished
324,4007500,4500.0,3.0,1.0,2.0,NO,NO,YES,NO,NO,0.0,NO,semi-furnished
325,4007500,3460.0,3.0,1.0,2.0,YES,NO,NO,NO,NO,0.0,NO,semi-furnished
326,3990000,4100.0,3.0,1.0,1.0,YES,NO,YES,NO,NO,0.0,NO,unfurnished
327,3990000,6480.0,3.0,1.0,2.0,NO,NO,NO,NO,NO,1.0,NO,semi-furnished
328,3990000,4640.0,3.0,1.0,2.0,YES,NO,NO,NO,YES,0.0,NO,semi-furnished
329,3990000,3960.0,3.0,1.0,2.0,YES,NO,NO,NO,NO,0.0,NO,furnished
330,3990000,4050.0,3.0,1.0,2.0,YES,YES,YES,NO,NO,0.0,YES,unfurnished
331,3920000,7260.0,3.0,2.0,2.0,YES,YES,NO,NO,NO,3.0,NO,furnished
332,3920000,4640.0,4.0,1.0,2.0,YES,YES,YES,NO,NO,0.0,NO,semi-furnished
333,3920000,4640.0,3.0,1.0,2.0,YES,NO,NO,NO,NO,0.0,NO,semi-furnished
334,3920000,3290.0,2.0,1.0,2.0,YES,NO,NO,NO,NO,0.0,NO,furnished
335,3920000,3816.0,2.0,1.0,1.0,YES,NO,NO,NO,YES,0.0,NO,furnished
336,3920000,4640.0,3.0,1.0,2.0,YES,NO,NO,NO,YES,2.0,NO,semi-furnished
337,3920000,2145.0,4.0,1.0,2.0,YES,NO,YES,NO,NO,0.0,YES,unfurnished
338,3885000,3780.0,2.0,1.0,2.0,YES,YES,YES,NO,NO,0.0,NO,semi-furnished
339,3885000,3180.0,4.0,1.0,2.0,YES,NO,NO,NO,NO,0.0,NO,furnished
340,3850000,5300.0,3.0,1.0,2.0,YES,NO,NO,NO,NO,0.0,NO,semi-furnished
341,3850000,3180.0,2.0,2.0,1.0,YES,NO,NO,NO,NO,0.0,NO,semi-furnished
342,3850000,4640.0,3.0,1.0,2.0,YES,NO,NO,NO,YES,0.0,NO,furnished
343,3850000,4080.0,3.0,1.0,1.0,YES,NO,NO,NO,NO,0.0,NO,semi-furnished
344,3850000,4640.0,3.0,1.0,2.0,YES,NO,NO,NO,NO,0.0,NO,semi-furnished
345,3850000,2015.0,3.0,1.0,2.0,YES,NO,NO,NO,NO,0.0,YES,semi-furnished
346,3850000,2176.0,2.0,1.0,2.0,YES,YES,NO,NO,NO,0.0,YES,semi-furnished
347,3836000,3350.0,3.0,1.0,2.0,YES,NO,NO,NO,NO,0.0,NO,unfurnished
348,3815000,3150.0,2.0,1.0,1.0,NO,NO,YES,NO,NO,0.0,NO,semi-furnished
349,3780000,4820.0,3.0,1.0,2.0,YES,NO,NO,NO,NO,0.0,NO,semi-furnished
350,3780000,4640.0,3.0,1.0,2.0,YES,NO,NO,YES,NO,1.0,NO,semi-furnished
351,3780000,4640.0,2.0,1.0,1.0,YES,NO,NO,NO,NO,0.0,NO,semi-furnished
352,3780000,5830.0,2.0,1.0,2.0,YES,NO,NO,NO,NO,2.0,NO,unfurnished
353,3780000,4640.0,3.0,1.0,2.0,YES,NO,NO,NO,NO,0.0,YES,furnished
354,3780000,4640.0,3.0,1.0,1.0,YES,NO,NO,NO,NO,1.0,NO,furnished
355,3773000,8250.0,3.0,1.0,1.0,YES,NO,NO,NO,NO,2.0,NO,furnished
356,3773000,2520.0,3.0,1.0,2.0,NO,NO,YES,NO,NO,1.0,NO,furnished
357,3773000,6930.0,4.0,1.0,2.0,YES,NO,NO,NO,NO,0.0,NO,furnished
358,3745000,4640.0,2.0,1.0,2.0,YES,NO,NO,NO,NO,0.0,YES,semi-furnished
359,3710000,3600.0,3.0,1.0,1.0,YES,NO,NO,NO,NO,0.0,NO,unfurnished
360,3710000,4040.0,2.0,1.0,1.0,YES,NO,NO,NO,NO,0.0,NO,semi-furnished
361,3710000,6020.0,3.0,1.0,1.0,YES,NO,NO,NO,NO,0.0,NO,semi-furnished
362,3710000,4050.0,2.0,1.0,1.0,YES,NO,NO,NO,NO,0.0,NO,furnished
363,3710000,4640.0,3.0,1.0,1.0,YES,NO,NO,YES,NO,0.0,NO,semi-furnished
364,3703000,3120.0,3.0,1.0,2.0,NO,NO,NO,YES,NO,0.0,NO,semi-furnished
365,3703000,5450.0,2.0,1.0,2.0,YES,NO,NO,NO,NO,0.0,NO,semi-furnished
366,3675000,4640.0,2.0,1.0,2.0,YES,NO,NO,NO,NO,0.0,NO,semi-furnished
367,3675000,4640.0,2.0,1.0,1.0,YES,NO,NO,NO,NO,0.0,NO,unfurnished
368,3675000,5640.0,2.0,1.0,1.0,NO,NO,NO,NO,NO,0.0,NO,semi-furnished
369,3675000,3600.0,3.0,1.0,2.0,YES,NO,NO,NO,NO,0.0,NO,furnished
370,3640000,4640.0,2.0,1.0,1.0,YES,NO,NO,NO,YES,0.0,NO,semi-furnished
371,3640000,3570.0,3.0,1.0,2.0,YES,NO,YES,NO,NO,0.0,NO,semi-furnished
372,3640000,3180.0,3.0,1.0,2.0,YES,NO,YES,NO,NO,0.0,NO,semi-furnished
373,3640000,4640.0,2.0,1.0,2.0,YES,NO,NO,NO,YES,0.0,NO,furnished
374,3640000,3520.0,3.0,1.0,2.0,YES,NO,NO,NO,NO,0.0,NO,semi-furnished
375,3640000,4640.0,3.0,1.0,2.0,YES,NO,YES,NO,NO,0.0,NO,semi-furnished
376,3640000,4640.0,3.0,2.0,2.0,YES,NO,NO,NO,NO,2.0,NO,semi-furnished
377,3640000,2850.0,3.0,2.0,2.0,NO,NO,YES,NO,NO,0.0,YES,semi-furnished
378,3640000,4640.0,3.0,1.0,2.0,YES,NO,NO,NO,YES,0.0,YES,semi-furnished
379,3633000,3520.0,3.0,1.0,2.0,YES,NO,NO,NO,NO,2.0,YES,unfurnished
380,3605000,4500.0,3.0,1.0,2.0,YES,NO,NO,NO,NO,0.0,NO,semi-furnished
381,3605000,4000.0,3.0,1.0,1.0,YES,NO,NO,NO,NO,0.0,NO,semi-furnished
382,3570000,4640.0,3.0,1.0,2.0,YES,NO,YES,NO,NO,0.0,NO,semi-furnished
383,3570000,4500.0,4.0,1.0,2.0,YES,NO,YES,NO,NO,2.0,NO,semi-furnished
384,3570000,4500.0,2.0,1.0,1.0,NO,NO,NO,NO,NO,0.0,NO,furnished
385,3570000,4640.0,2.0,1.0,2.0,YES,NO,NO,NO,NO,0.0,NO,unfurnished
386,3535000,4640.0,3.0,1.0,2.0,YES,NO,NO,NO,NO,2.0,NO,unfurnished
387,3500000,4240.0,3.0,1.0,2.0,YES,NO,NO,NO,YES,0.0,NO,semi-furnished
388,3500000,4640.0,3.0,1.0,2.0,YES,NO,NO,NO,NO,0.0,NO,unfurnished
389,3500000,4600.0,4.0,1.0,2.0,YES,NO,NO,NO,NO,0.0,NO,semi-furnished
390,3500000,2135.0,3.0,1.0,2.0,NO,NO,NO,NO,NO,0.0,NO,unfurnished
391,3500000,3036.0,3.0,1.0,2.0,YES,NO,NO,NO,NO,0.0,NO,semi-furnished
392,3500000,4640.0,3.0,1.0,2.0,YES,NO,NO,NO,NO,0.0,NO,semi-furnished
393,3500000,7424.0,3.0,1.0,2.0,NO,NO,NO,NO,NO,0.0,NO,unfurnished
394,3500000,3480.0,3.0,1.0,1.0,NO,NO,NO,NO,NO,0.0,NO,semi-furnished
395,3500000,3600.0,3.0,1.0,2.0,YES,NO,NO,NO,NO,0.0,NO,semi-furnished
396,3500000,4640.0,3.0,1.0,1.0,YES,NO,NO,NO,NO,1.0,NO,semi-furnished
397,3500000,5900.0,3.0,1.0,2.0,YES,NO,NO,NO,NO,0.0,NO,furnished
398,3500000,4640.0,3.0,1.0,2.0,YES,NO,NO,NO,NO,1.0,NO,semi-furnished
399,3500000,7350.0,2.0,1.0,2.0,YES,NO,NO,NO,NO,1.0,NO,semi-furnished
400,3500000,3512.0,2.0,1.0,1.0,YES,NO,NO,NO,NO,1.0,YES,unfurnished
401,3500000,9500.0,3.0,1.0,2.0,YES,NO,NO,NO,NO,0.0,NO,unfurnished
402,3500000,4640.0,2.0,1.0,2.0,YES,NO,NO,NO,NO,0.0,NO,semi-furnished
403,3500000,12944.0,3.0,1.0,2.0,YES,NO,NO,NO,NO,0.0,NO,unfurnished
404,3493000,4640.0,3.0,1.0,2.0,NO,NO,NO,NO,NO,0.0,NO,unfurnished
405,3465000,3060.0,3.0,1.0,1.0,YES,NO,NO,NO,NO,0.0,NO,semi-furnished
406,3465000,5320.0,2.0,1.0,1.0,YES,NO,NO,NO,NO,0.0,YES,unfurnished
407,3465000,2145.0,3.0,1.0,2.0,YES,NO,NO,NO,NO,0.0,NO,semi-furnished
408,3430000,4640.0,2.0,1.0,1.0,YES,NO,NO,NO,NO,0.0,NO,unfurnished
409,3430000,3185.0,2.0,1.0,2.0,YES,NO,NO,NO,NO,2.0,NO,unfurnished
410,3430000,4640.0,3.0,1.0,2.0,YES,NO,NO,NO,NO,0.0,NO,unfurnished
411,3430000,2145.0,3.0,1.0,3.0,YES,NO,NO,NO,NO,0.0,NO,semi-furnished
412,3430000,2610.0,3.0,1.0,2.0,YES,NO,YES,NO,NO,0.0,YES,unfurnished
413,3430000,1950.0,3.0,1.0,2.0,YES,NO,YES,NO,NO,0.0,YES,semi-furnished
414,3423000,4640.0,2.0,1.0,1.0,YES,NO,NO,NO,NO,0.0,NO,unfurnished
415,3395000,4640.0,3.0,1.0,2.0,YES,NO,NO,NO,NO,1.0,NO,furnished
416,3395000,3450.0,3.0,1.0,2.0,YES,NO,YES,NO,NO,0.0,NO,semi-furnished
417,3395000,4640.0,3.0,1.0,1.0,YES,NO,NO,NO,NO,0.0,NO,furnished
418,3360000,4640.0,4.0,1.0,2.0,YES,NO,NO,NO,YES,2.0,NO,semi-furnished
419,3360000,4960.0,4.0,1.0,3.0,NO,NO,NO,NO,NO,0.0,NO,semi-furnished
420,3360000,4120.0,3.0,1.0,2.0,YES,NO,NO,NO,NO,0.0,NO,semi-furnished
421,3360000,4640.0,2.0,1.0,1.0,YES,NO,NO,NO,NO,0.0,NO,semi-furnished
422,3360000,3720.0,2.0,1.0,1.0,NO,NO,NO,NO,YES,0.0,NO,unfurnished
423,3360000,3750.0,3.0,1.0,1.0,YES,NO,NO,NO,NO,0.0,NO,unfurnished
424,3360000,3100.0,3.0,1.0,2.0,NO,NO,NO,NO,NO,0.0,NO,semi-furnished
425,3360000,3185.0,2.0,1.0,1.0,YES,NO,YES,NO,NO,2.0,NO,semi-furnished
426,3353000,4640.0,3.0,1.0,1.0,YES,NO,NO,NO,NO,0.0,NO,furnished
427,3332000,2145.0,3.0,1.0,2.0,YES,NO,NO,NO,NO,0.0,YES,furnished
428,3325000,4640.0,2.0,1.0,1.0,YES,NO,NO,NO,NO,1.0,NO,semi-furnished
429,3325000,4640.0,3.0,1.0,2.0,YES,NO,NO,NO,NO,0.0,NO,unfurnished
430,3290000,4640.0,2.0,1.0,1.0,NO,NO,NO,NO,NO,0.0,NO,unfurnished
431,3290000,4640.0,3.0,1.0,2.0,YES,NO,YES,NO,YES,0.0,NO,unfurnished
432,3290000,4640.0,3.0,1.0,1.0,YES,YES,YES,NO,NO,0.0,NO,semi-furnished
433,3290000,3480.0,3.0,1.0,2.0,YES,NO,NO,NO,NO,1.0,NO,semi-furnished
434,3290000,4640.0,4.0,1.0,2.0,['y'],NO,NO,NO,NO,0.0,NO,semi-furnished
435,3290000,4640.0,2.0,1.0,2.0,YES,NO,NO,NO,NO,0.0,NO,semi-furnished
436,3290000,2145.0,3.0,1.0,2.0,YES,NO,YES,NO,NO,0.0,NO,semi-furnished
437,3290000,5880.0,3.0,1.0,1.0,YES,NO,NO,NO,NO,0.0,NO,unfurnished
438,3255000,4640.0,3.0,1.0,1.0,NO,NO,NO,NO,NO,0.0,NO,semi-furnished
439,3255000,4640.0,3.0,1.0,1.0,YES,NO,NO,NO,NO,0.0,NO,unfurnished
440,3234000,3640.0,4.0,1.0,2.0,YES,NO,NO,NO,NO,0.0,NO,unfurnished
441,3220000,4370.0,3.0,1.0,2.0,YES,NO,NO,NO,NO,0.0,NO,unfurnished
442,3220000,2684.0,2.0,1.0,2.0,YES,NO,NO,NO,YES,1.0,NO,unfurnished
443,3220000,4320.0,3.0,1.0,1.0,YES,NO,NO,NO,NO,0.0,NO,unfurnished
444,3220000,3120.0,3.0,1.0,2.0,NO,NO,NO,NO,NO,0.0,NO,semi-furnished
445,3150000,3450.0,1.0,1.0,1.0,YES,NO,NO,NO,NO,0.0,NO,furnished
446,3150000,4640.0,2.0,2.0,1.0,NO,YES,YES,NO,NO,1.0,NO,unfurnished
447,3150000,3500.0,2.0,1.0,1.0,YES,NO,YES,NO,NO,0.0,NO,semi-furnished
448,3150000,4095.0,3.0,1.0,2.0,YES,NO,NO,NO,NO,2.0,NO,semi-furnished
449,3150000,4640.0,3.0,1.0,2.0,YES,NO,YES,NO,NO,0.0,NO,unfurnished
450,3150000,3450.0,3.0,1.0,2.0,YES,NO,NO,NO,NO,0.0,NO,semi-furnished
451,3150000,4640.0,2.0,1.0,1.0,YES,NO,NO,NO,NO,0.0,NO,semi-furnished
452,3150000,4640.0,3.0,1.0,2.0,YES,NO,NO,NO,NO,2.0,NO,semi-furnished
453,3150000,3069.0,3.0,1.0,2.0,YES,NO,NO,NO,NO,0.0,NO,semi-furnished
454,3143000,4640.0,3.0,1.0,2.0,YES,NO,NO,NO,YES,0.0,NO,unfurnished
455,3129000,5495.0,3.0,1.0,1.0,YES,NO,NO,NO,NO,0.0,NO,unfurnished
456,3118850,2398.0,3.0,1.0,2.0,YES,NO,NO,NO,NO,0.0,NO,semi-furnished
457,3115000,3000.0,3.0,1.0,1.0,NO,NO,NO,NO,YES,0.0,NO,unfurnished
458,3115000,3850.0,3.0,1.0,2.0,YES,NO,NO,NO,NO,0.0,NO,unfurnished
459,3115000,3500.0,2.0,1.0,1.0,YES,NO,NO,NO,NO,0.0,NO,semi-furnished
460,3087000,8100.0,2.0,1.0,1.0,YES,NO,NO,NO,NO,0.0,NO,semi-furnished
461,3080000,4640.0,3.0,1.0,1.0,YES,NO,YES,NO,YES,0.0,NO,semi-furnished
462,3080000,4640.0,3.0,1.0,2.0,NO,NO,YES,NO,NO,0.0,NO,semi-furnished
463,3080000,3090.0,3.0,1.0,1.0,YES,YES,NO,NO,NO,0.0,NO,semi-furnished
464,3080000,4500.0,2.0,1.0,2.0,YES,NO,NO,YES,NO,0.0,NO,semi-furnished
465,3045000,3800.0,2.0,1.0,1.0,YES,NO,NO,NO,NO,0.0,NO,unfurnished
466,3010000,3090.0,3.0,1.0,2.0,NO,NO,NO,NO,NO,0.0,NO,semi-furnished
467,3010000,3240.0,3.0,1.0,2.0,YES,NO,NO,NO,NO,0.0,NO,semi-furnished
468,3010000,2835.0,3.0,1.0,1.0,YES,NO,NO,NO,NO,0.0,NO,semi-furnished
469,3010000,4600.0,2.0,1.0,1.0,YES,NO,NO,NO,NO,0.0,NO,furnished
470,3010000,5076.0,3.0,1.0,1.0,NO,NO,NO,NO,NO,0.0,NO,unfurnished
471,3010000,3750.0,3.0,1.0,2.0,YES,NO,NO,NO,NO,0.0,NO,unfurnished
472,3010000,4640.0,4.0,1.0,2.0,YES,NO,NO,NO,NO,3.0,NO,semi-furnished
473,3003000,4640.0,2.0,1.0,2.0,YES,NO,NO,NO,NO,0.0,NO,semi-furnished
474,2975000,4352.0,4.0,1.0,2.0,NO,NO,NO,NO,NO,1.0,NO,semi-furnished
475,2961000,4640.0,3.0,1.0,2.0,YES,NO,NO,NO,NO,0.0,NO,semi-furnished
476,2940000,5850.0,3.0,1.0,2.0,YES,NO,NO,NO,NO,0.0,NO,semi-furnished
477,2940000,4640.0,3.0,1.0,1.0,YES,NO,NO,NO,NO,0.0,NO,unfurnished
478,2940000,4640.0,3.0,1.0,2.0,YES,NO,NO,NO,NO,1.0,NO,unfurnished
479,2940000,4640.0,4.0,1.0,2.0,NO,NO,NO,NO,NO,0.0,NO,unfurnished
480,2940000,4640.0,3.0,1.0,2.0,YES,NO,NO,NO,NO,1.0,NO,semi-furnished
481,2940000,2700.0,2.0,1.0,1.0,NO,NO,NO,NO,NO,0.0,NO,semi-furnished
482,2940000,4640.0,3.0,1.0,2.0,NO,NO,NO,NO,NO,0.0,NO,semi-furnished
483,2940000,4640.0,3.0,1.0,2.0,YES,NO,NO,NO,NO,0.0,NO,semi-furnished
484,2870000,3040.0,2.0,1.0,1.0,NO,NO,NO,NO,NO,0.0,NO,unfurnished
485,2870000,3630.0,3.0,1.0,1.0,YES,NO,NO,NO,NO,0.0,NO,semi-furnished
486,2870000,4640.0,2.0,1.0,2.0,YES,NO,NO,NO,NO,0.0,NO,semi-furnished
487,2870000,5400.0,4.0,1.0,2.0,YES,NO,NO,NO,NO,0.0,NO,unfurnished
488,2852500,5200.0,4.0,1.0,2.0,YES,NO,NO,NO,NO,0.0,NO,unfurnished
489,2835000,3300.0,3.0,1.0,2.0,NO,NO,NO,NO,NO,1.0,NO,semi-furnished
490,2835000,4640.0,3.0,1.0,2.0,YES,NO,NO,NO,NO,1.0,NO,semi-furnished
491,2835000,4640.0,2.0,1.0,2.0,NO,NO,NO,NO,NO,1.0,NO,furnished
492,2800000,2650.0,3.0,1.0,2.0,YES,NO,YES,NO,NO,1.0,NO,semi-furnished
493,2800000,3960.0,3.0,1.0,2.0,YES,NO,NO,NO,NO,0.0,NO,furnished
494,2730000,4640.0,3.0,1.0,1.0,YES,NO,NO,NO,NO,0.0,NO,semi-furnished
495,2730000,4000.0,3.0,1.0,2.0,YES,NO,NO,NO,NO,0.0,NO,unfurnished
496,2695000,4000.0,3.0,1.0,2.0,YES,NO,NO,NO,NO,0.0,NO,unfurnished
497,2660000,3934.0,2.0,1.0,2.0,YES,NO,NO,NO,NO,0.0,NO,semi-furnished
498,2660000,2000.0,2.0,1.0,2.0,YES,NO,NO,NO,NO,0.0,NO,semi-furnished
499,2660000,4640.0,3.0,3.0,2.0,NO,YES,NO,NO,NO,0.0,NO,unfurnished
500,2660000,2800.0,3.0,1.0,1.0,YES,NO,NO,NO,NO,0.0,NO,unfurnished
501,2660000,2430.0,3.0,1.0,2.0,NO,NO,NO,NO,NO,0.0,NO,semi-furnished
502,2660000,4640.0,2.0,1.0,2.0,YES,NO,NO,NO,NO,1.0,NO,semi-furnished
503,2660000,4000.0,3.0,1.0,1.0,YES,NO,NO,NO,NO,0.0,NO,semi-furnished
504,2653000,3185.0,3.0,1.0,2.0,YES,NO,NO,NO,YES,0.0,NO,semi-furnished
505,2653000,4640.0,3.0,1.0,2.0,YES,NO,NO,NO,YES,0.0,NO,semi-furnished
506,2604000,4640.0,2.0,1.0,1.0,NO,NO,NO,NO,NO,0.0,NO,unfurnished
507,2590000,3600.0,2.0,1.0,1.0,YES,NO,NO,NO,NO,0.0,NO,unfurnished
508,2590000,4640.0,2.0,1.0,2.0,YES,NO,NO,NO,NO,0.0,NO,semi-furnished
509,2590000,4640.0,2.0,1.0,2.0,YES,NO,NO,NO,NO,1.0,NO,furnished
510,2520000,2880.0,3.0,1.0,1.0,YES,NO,NO,NO,NO,0.0,NO,unfurnished
511,2520000,4640.0,3.0,1.0,2.0,YES,NO,NO,NO,NO,0.0,NO,semi-furnished
512,2520000,4640.0,2.0,1.0,2.0,YES,NO,NO,NO,NO,0.0,NO,furnished
513,2485000,4400.0,3.0,1.0,2.0,YES,NO,NO,NO,NO,0.0,NO,unfurnished
514,2485000,4640.0,3.0,1.0,2.0,YES,NO,NO,NO,NO,0.0,NO,semi-furnished
515,2450000,3210.0,3.0,1.0,2.0,YES,NO,NO,NO,NO,0.0,NO,unfurnished
516,2450000,3240.0,2.0,1.0,1.0,NO,YES,NO,NO,NO,0.0,NO,unfurnished
517,2450000,3000.0,3.0,1.0,1.0,YES,NO,NO,NO,NO,1.0,NO,unfurnished
518,2450000,4640.0,2.0,1.0,1.0,YES,NO,NO,NO,NO,0.0,NO,unfurnished
519,2450000,4640.0,2.0,1.0,2.0,YES,NO,NO,NO,NO,0.0,NO,unfurnished
520,2450000,4640.0,2.0,1.0,1.0,YES,NO,NO,NO,NO,0.0,NO,unfurnished
521,2408000,3635.0,2.0,1.0,2.0,NO,NO,NO,NO,NO,0.0,NO,unfurnished
522,2380000,2475.0,3.0,1.0,2.0,YES,NO,NO,NO,NO,0.0,NO,furnished
523,2380000,4640.0,4.0,2.0,2.0,YES,NO,NO,NO,NO,0.0,NO,furnished
524,2380000,3264.0,3.0,1.0,1.0,YES,NO,NO,NO,NO,0.0,NO,unfurnished
525,2345000,3640.0,2.0,1.0,1.0,YES,NO,NO,NO,NO,0.0,NO,unfurnished
526,2310000,3180.0,2.0,1.0,1.0,YES,NO,NO,NO,NO,0.0,NO,semi-furnished
527,2275000,4640.0,2.0,1.0,1.0,NO,NO,YES,NO,NO,0.0,NO,semi-furnished
528,2275000,4640.0,3.0,1.0,2.0,YES,NO,NO,NO,NO,0.0,NO,semi-furnished
529,2275000,4640.0,3.0,1.0,2.0,YES,NO,YES,NO,NO,0.0,NO,unfurnished
530,2240000,1950.0,3.0,1.0,1.0,NO,NO,NO,YES,NO,0.0,NO,semi-furnished
531,2233000,5300.0,3.0,1.0,1.0,NO,NO,NO,NO,YES,0.0,YES,unfurnished
532,2135000,4640.0,3.0,1.0,1.0,NO,NO,NO,NO,NO,0.0,NO,unfurnished
533,2100000,2400.0,3.0,1.0,2.0,YES,NO,NO,NO,NO,0.0,NO,unfurnished
534,2100000,3000.0,4.0,1.0,2.0,YES,NO,NO,NO,NO,0.0,NO,unfurnished
535,2100000,3360.0,2.0,1.0,1.0,YES,NO,NO,NO,NO,0.0,NO,semi-furnished
536,1960000,4640.0,3.0,1.0,2.0,NO,NO,NO,NO,NO,0.0,NO,unfurnished
537,1890000,4640.0,3.0,1.0,2.0,YES,NO,NO,NO,NO,0.0,NO,semi-furnished
538,1890000,3649.0,2.0,1.0,2.0,YES,NO,NO,NO,NO,0.0,NO,semi-furnished
539,1855000,4640.0,2.0,1.0,2.0,YES,NO,NO,NO,NO,0.0,NO,semi-furnished
540,1820000,4640.0,2.0,1.0,1.0,YES,NO,NO,NO,NO,0.0,NO,unfurnished
541,1767150,4640.0,3.0,1.0,1.0,NO,NO,NO,NO,NO,0.0,NO,semi-furnished
542,1750000,3620.0,3.0,1.0,2.0,YES,NO,NO,NO,NO,0.0,NO,unfurnished
543,1750000,4640.0,3.0,1.0,1.0,NO,NO,NO,NO,NO,0.0,NO,furnished
544,1750000,3850.0,3.0,1.0,2.0,YES,NO,NO,NO,NO,0.0,NO,semi-furnished
